,id,sex,weight,height,BMI
0,1,M,190,77,2.4675324675324677
1,2,F,120,70,1.7142857142857142
2,3,F,110,68,1.6176470588235294
3,4,M,150,72,2.0833333333333335
4,5,O,120,66,1.8181818181818181
5,6,M,120,60,2.0
6,7,F,140,70,2.0
